datetime (UTC),"coordinates (lat,lon)",model (name),model elevation (surface),utc_offset (hrs),temperature (degC),total_precipitation (mm of water equivalent),snowfall (mm of water equivalent),snow_depth (mm of water equivalent)
1994-03-31,"(37.104153, -113.584131)",era5,1231.65,-7.00,11.95,0.02,0.00,0.23
1994-04-30,"(37.104153, -113.584131)",era5,1231.65,-7.00,14.93,0.02,0.00,0.01
1994-05-31,"(37.104153, -113.584131)",era5,1231.65,-7.00,20.41,0.01,0.00,0.00
1994-06-30,"(37.104153, -113.584131)",era5,1231.65,-7.00,28.45,0.00,0.00,0.00
1994-07-31,"(37.104153, -113.584131)",era5,1231.65,-7.00,30.32,0.00,0.00,0.00
1994-08-31,"(37.104153, -113.584131)",era5,1231.65,-7.00,30.01,0.00,0.00,0.00
1994-09-30,"(37.104153, -113.584131)",era5,1231.65,-7.00,24.50,0.00,0.00,0.00
1994-10-31,"(37.104153, -113.584131)",era5,1231.65,-7.00,15.20,0.02,0.00,0.01
1994-11-30,"(37.104153, -113.584131)",era5,1231.65,-7.00,4.30,0.06,0.02,3.71
1994-12-31,"(37.104153, -113.584131)",era5,1231.65,-7.00,3.11,0.04,0.00,1.76
1995-01-31,"(37.104153, -113.584131)",era5,1231.65,-7.00,3.43,0.12,0.02,3.54
1995-02-28,"(37.104153, -113.584131)",era5,1231.65,-7.00,9.34,0.04,0.00,0.29
1995-03-31,"(37.104153, -113.584131)",era5,1231.65,-7.00,9.49,0.10,0.01,0.45
1995-04-30,"(37.104153, -113.584131)",era5,1231.65,-7.00,13.01,0.04,0.00,0.17
1995-05-31,"(37.104153, -113.584131)",era5,1231.65,-7.00,17.38,0.04,0.00,0.00
1995-06-30,"(37.104153, -113.584131)",era5,1231.65,-7.00,22.79,0.02,0.00,0.00
1995-07-31,"(37.104153, -113.584131)",era5,1231.65,-7.00,28.79,0.01,0.00,0.00
1995-08-31,"(37.104153, -113.584131)",era5,1231.65,-7.00,29.38,0.01,0.00,0.00
1995-09-30,"(37.104153, -113.584131)",era5,1231.65,-7.00,24.92,0.00,0.00,0.00
1995-10-31,"(37.104153, -113.584131)",era5,1231.65,-7.00,17.02,0.00,0.00,0.00
1995-11-30,"(37.104153, -113.584131)",era5,1231.65,-7.00,11.64,0.01,0.00,0.00
1995-12-31,"(37.104153, -113.584131)",era5,1231.65,-7.00,6.00,0.01,0.00,0.07
1996-01-31,"(37.104153, -113.584131)",era5,1231.65,-7.00,4.59,0.03,0.01,2.11
1996-02-29,"(37.104153, -113.584131)",era5,1231.65,-7.00,7.46,0.09,0.02,1.94
1996-03-31,"(37.104153, -113.584131)",era5,1231.65,-7.00,9.88,0.03,0.00,1.07
1996-04-30,"(37.104153, -113.584131)",era5,1231.65,-7.00,16.15,0.00,0.00,0.00
1996-05-31,"(37.104153, -113.584131)",era5,1231.65,-7.00,21.91,0.01,0.00,0.00
1996-06-30,"(37.104153, -113.584131)",era5,1231.65,-7.00,27.62,0.00,0.00,0.00
1996-07-31,"(37.104153, -113.584131)",era5,1231.65,-7.00,30.73,0.01,0.00,0.00
1996-08-31,"(37.104153, -113.584131)",era5,1231.65,-7.00,29.65,0.00,0.00,0.00
1996-09-30,"(37.104153, -113.584131)",era5,1231.65,-7.00,22.46,0.02,0.00,0.00
1996-10-31,"(37.104153, -113.584131)",era5,1231.65,-7.00,15.72,0.03,0.00,0.03
1996-11-30,"(37.104153, -113.584131)",era5,1231.65,-7.00,9.18,0.06,0.00,0.17
1996-12-31,"(37.104153, -113.584131)",era5,1231.65,-7.00,4.83,0.04,0.00,1.02
1997-01-31,"(37.104153, -113.584131)",era5,1231.65,-7.00,2.09,0.11,0.04,11.06
1997-02-28,"(37.104153, -113.584131)",era5,1231.65,-7.00,5.39,0.03,0.01,0.76
1997-03-31,"(37.104153, -113.584131)",era5,1231.65,-7.00,12.12,0.00,0.00,0.81
1997-04-30,"(37.104153, -113.584131)",era5,1231.65,-7.00,13.69,0.03,0.00,0.12
1997-05-31,"(37.104153, -113.584131)",era5,1231.65,-7.00,23.19,0.01,0.00,0.00
1997-06-30,"(37.104153, -113.584131)",era5,1231.65,-7.00,25.81,0.01,0.00,0.00
1997-07-31,"(37.104153, -113.584131)",era5,1231.65,-7.00,28.23,0.00,0.00,0.00
1997-08-31,"(37.104153, -113.584131)",era5,1231.65,-7.00,27.62,0.04,0.00,0.00
1997-09-30,"(37.104153, -113.584131)",era5,1231.65,-7.00,22.66,0.08,0.00,0.00
1997-10-31,"(37.104153, -113.584131)",era5,1231.65,-7.00,15.06,0.01,0.00,0.00
1997-11-30,"(37.104153, -113.584131)",era5,1231.65,-7.00,9.43,0.03,0.00,0.11
1997-12-31,"(37.104153, -113.584131)",era5,1231.65,-7.00,2.72,0.02,0.00,0.84
1998-01-31,"(37.104153, -113.584131)",era5,1231.65,-7.00,4.82,0.03,0.01,0.80
1998-02-28,"(37.104153, -113.584131)",era5,1231.65,-7.00,4.17,0.15,0.03,2.81
1998-03-31,"(37.104153, -113.584131)",era5,1231.65,-7.00,8.16,0.07,0.01,1.54
1998-04-30,"(37.104153, -113.584131)",era5,1231.65,-7.00,11.30,0.04,0.01,0.58
1998-05-31,"(37.104153, -113.584131)",era5,1231.65,-7.00,17.57,0.03,0.00,0.01
1998-06-30,"(37.104153, -113.584131)",era5,1231.65,-7.00,22.70,0.02,0.00,0.00
1998-07-31,"(37.104153, -113.584131)",era5,1231.65,-7.00,29.19,0.03,0.00,0.00
1998-08-31,"(37.104153, -113.584131)",era5,1231.65,-7.00,29.04,0.00,0.00,0.00
1998-09-30,"(37.104153, -113.584131)",era5,1231.65,-7.00,21.69,0.11,0.00,0.00
1998-10-31,"(37.104153, -113.584131)",era5,1231.65,-7.00,14.30,0.04,0.00,0.01
1998-11-30,"(37.104153, -113.584131)",era5,1231.65,-7.00,7.87,0.06,0.01,0.68
1998-12-31,"(37.104153, -113.584131)",era5,1231.65,-7.00,3.09,0.01,0.00,0.55
1999-01-31,"(37.104153, -113.584131)",era5,1231.65,-7.00,5.95,0.02,0.01,0.74
1999-02-28,"(37.104153, -113.584131)",era5,1231.65,-7.00,6.76,0.04,0.01,0.78
1999-03-31,"(37.104153, -113.584131)",era5,1231.65,-7.00,12.10,0.00,0.00,0.00
1999-04-30,"(37.104153, -113.584131)",era5,1231.65,-7.00,10.83,0.08,0.01,0.56
1999-05-31,"(37.104153, -113.584131)",era5,1231.65,-7.00,19.24,0.01,0.00,0.00
1999-06-30,"(37.104153, -113.584131)",era5,1231.65,-7.00,25.07,0.03,0.00,0.00
1999-07-31,"(37.104153, -113.584131)",era5,1231.65,-7.00,27.21,0.05,0.00,0.00
1999-08-31,"(37.104153, -113.584131)",era5,1231.65,-7.00,26.88,0.02,0.00,0.00
1999-09-30,"(37.104153, -113.584131)",era5,1231.65,-7.00,22.66,0.01,0.00,0.00
1999-10-31,"(37.104153, -113.584131)",era5,1231.65,-7.00,17.48,0.00,0.00,0.00
1999-11-30,"(37.104153, -113.584131)",era5,1231.65,-7.00,11.19,0.00,0.00,0.00
1999-12-31,"(37.104153, -113.584131)",era5,1231.65,-7.00,4.36,0.00,0.00,0.13
2000-01-31,"(37.104153, -113.584131)",era5,1231.65,-7.00,5.95,0.02,0.01,1.04
2000-02-29,"(37.104153, -113.584131)",era5,1231.65,-7.00,7.60,0.09,0.01,0.61
2000-03-31,"(37.104153, -113.584131)",era5,1231.65,-7.00,9.62,0.05,0.01,0.65
2000-04-30,"(37.104153, -113.584131)",era5,1231.65,-7.00,17.69,0.01,0.00,0.00
2000-05-31,"(37.104153, -113.584131)",era5,1231.65,-7.00,22.85,0.00,0.00,0.00
2000-06-30,"(37.104153, -113.584131)",era5,1231.65,-7.00,27.19,0.00,0.00,0.00
2000-07-31,"(37.104153, -113.584131)",era5,1231.65,-7.00,29.61,0.00,0.00,0.00
2000-08-31,"(37.104153, -113.584131)",era5,1231.65,-7.00,28.48,0.02,0.00,0.00
2000-09-30,"(37.104153, -113.584131)",era5,1231.65,-7.00,23.45,0.01,0.00,0.00
2000-10-31,"(37.104153, -113.584131)",era5,1231.65,-7.00,15.76,0.14,0.00,0.02
2000-11-30,"(37.104153, -113.584131)",era5,1231.65,-7.00,4.69,0.01,0.00,0.32
2000-12-31,"(37.104153, -113.584131)",era5,1231.65,-7.00,5.11,0.01,0.00,0.18
2001-01-31,"(37.104153, -113.584131)",era5,1231.65,-7.00,2.67,0.06,0.01,2.50
2001-02-28,"(37.104153, -113.584131)",era5,1231.65,-7.00,5.59,0.05,0.02,2.00
2001-03-31,"(37.104153, -113.584131)",era5,1231.65,-7.00,11.03,0.05,0.00,0.63
2001-04-30,"(37.104153, -113.584131)",era5,1231.65,-7.00,14.16,0.06,0.00,0.09
2001-05-31,"(37.104153, -113.584131)",era5,1231.65,-7.00,23.23,0.00,0.00,0.00
2001-06-30,"(37.104153, -113.584131)",era5,1231.65,-7.00,26.98,0.00,0.00,0.00
2001-07-31,"(37.104153, -113.584131)",era5,1231.65,-7.00,28.53,0.01,0.00,0.00
2001-08-31,"(37.104153, -113.584131)",era5,1231.65,-7.00,28.81,0.00,0.00,0.00
2001-09-30,"(37.104153, -113.584131)",era5,1231.65,-7.00,25.20,0.00,0.00,0.00
2001-10-31,"(37.104153, -113.584131)",era5,1231.65,-7.00,18.26,0.01,0.00,0.00
2001-11-30,"(37.104153, -113.584131)",era5,1231.65,-7.00,9.99,0.02,0.01,0.42
2001-12-31,"(37.104153, -113.584131)",era5,1231.65,-7.00,1.60,0.03,0.02,3.94
2002-01-31,"(37.104153, -113.584131)",era5,1231.65,-7.00,3.38,0.01,0.00,0.88
2002-02-28,"(37.104153, -113.584131)",era5,1231.65,-7.00,6.00,0.00,0.00,0.20
2002-03-31,"(37.104153, -113.584131)",era5,1231.65,-7.00,9.54,0.01,0.00,0.14
2002-04-30,"(37.104153, -113.584131)",era5,1231.65,-7.00,17.56,0.01,0.00,0.00
2002-05-31,"(37.104153, -113.584131)",era5,1231.65,-7.00,20.72,0.00,0.00,0.00
2002-06-30,"(37.104153, -113.584131)",era5,1231.65,-7.00,27.80,0.00,0.00,0.00
2002-07-31,"(37.104153, -113.584131)",era5,1231.65,-7.00,31.24,0.00,0.00,0.00
2002-08-31,"(37.104153, -113.584131)",era5,1231.65,-7.00,28.70,0.00,0.00,0.00
2002-09-30,"(37.104153, -113.584131)",era5,1231.65,-7.00,22.79,0.05,0.00,0.00
2002-10-31,"(37.104153, -113.584131)",era5,1231.65,-7.00,14.51,0.04,0.00,0.00
2002-11-30,"(37.104153, -113.584131)",era5,1231.65,-7.00,8.06,0.03,0.00,0.00
2002-12-31,"(37.104153, -113.584131)",era5,1231.65,-7.00,-0.55,0.03,0.01,2.34
2003-01-31,"(37.104153, -113.584131)",era5,1231.65,-7.00,7.30,0.01,0.00,0.43
2003-02-28,"(37.104153, -113.584131)",era5,1231.65,-7.00,5.74,0.10,0.02,1.03
2003-03-31,"(37.104153, -113.584131)",era5,1231.65,-7.00,9.54,0.05,0.01,1.47
2003-04-30,"(37.104153, -113.584131)",era5,1231.65,-7.00,13.53,0.04,0.00,0.13
2003-05-31,"(37.104153, -113.584131)",era5,1231.65,-7.00,21.39,0.01,0.00,0.00
2003-06-30,"(37.104153, -113.584131)",era5,1231.65,-7.00,27.08,0.00,0.00,0.00
2003-07-31,"(37.104153, -113.584131)",era5,1231.65,-7.00,31.60,0.00,0.00,0.00
2003-08-31,"(37.104153, -113.584131)",era5,1231.65,-7.00,28.32,0.04,0.00,0.00
2003-09-30,"(37.104153, -113.584131)",era5,1231.65,-7.00,25.05,0.00,0.00,0.00
2003-10-31,"(37.104153, -113.584131)",era5,1231.65,-7.00,19.52,0.00,0.00,0.00
2003-11-30,"(37.104153, -113.584131)",era5,1231.65,-7.00,7.96,0.03,0.00,0.29
2003-12-31,"(37.104153, -113.584131)",era5,1231.65,-7.00,4.38,0.04,0.01,1.00
2004-01-31,"(37.104153, -113.584131)",era5,1231.65,-7.00,2.38,0.02,0.01,3.13
2004-02-29,"(37.104153, -113.584131)",era5,1231.65,-7.00,4.34,0.09,0.02,2.25
2004-03-31,"(37.104153, -113.584131)",era5,1231.65,-7.00,14.47,0.01,0.00,0.57
2004-04-30,"(37.104153, -113.584131)",era5,1231.65,-7.00,15.26,0.05,0.00,0.00
2004-05-31,"(37.104153, -113.584131)",era5,1231.65,-7.00,21.82,0.00,0.00,0.00
2004-06-30,"(37.104153, -113.584131)",era5,1231.65,-7.00,26.91,0.00,0.00,0.00
2004-07-31,"(37.104153, -113.584131)",era5,1231.65,-7.00,29.49,0.00,0.00,0.00
2004-08-31,"(37.104153, -113.584131)",era5,1231.65,-7.00,27.57,0.01,0.00,0.00
2004-09-30,"(37.104153, -113.584131)",era5,1231.65,-7.00,22.34,0.04,0.00,0.00
2004-10-31,"(37.104153, -113.584131)",era5,1231.65,-7.00,14.82,0.16,0.00,0.04
2004-11-30,"(37.104153, -113.584131)",era5,1231.65,-7.00,7.19,0.08,0.00,0.15
2004-12-31,"(37.104153, -113.584131)",era5,1231.65,-7.00,4.15,0.05,0.00,0.27
2005-01-31,"(37.104153, -113.584131)",era5,1231.65,-7.00,6.02,0.19,0.02,1.27
2005-02-28,"(37.104153, -113.584131)",era5,1231.65,-7.00,6.75,0.12,0.00,0.34
2005-03-31,"(37.104153, -113.584131)",era5,1231.65,-7.00,9.68,0.04,0.00,0.08
2005-04-30,"(37.104153, -113.584131)",era5,1231.65,-7.00,13.34,0.06,0.00,0.06
2005-05-31,"(37.104153, -113.584131)",era5,1231.65,-7.00,20.77,0.01,0.00,0.00
2005-06-30,"(37.104153, -113.584131)",era5,1231.65,-7.00,24.41,0.01,0.00,0.00
2005-07-31,"(37.104153, -113.584131)",era5,1231.65,-7.00,30.92,0.01,0.00,0.00
2005-08-31,"(37.104153, -113.584131)",era5,1231.65,-7.00,27.24,0.03,0.00,0.00
2005-09-30,"(37.104153, -113.584131)",era5,1231.65,-7.00,23.23,0.00,0.00,0.00
2005-10-31,"(37.104153, -113.584131)",era5,1231.65,-7.00,16.34,0.02,0.00,0.00
2005-11-30,"(37.104153, -113.584131)",era5,1231.65,-7.00,9.77,0.00,0.00,0.00
2005-12-31,"(37.104153, -113.584131)",era5,1231.65,-7.00,4.24,0.02,0.00,0.00
2006-01-31,"(37.104153, -113.584131)",era5,1231.65,-7.00,4.31,0.03,0.00,0.07
2006-02-28,"(37.104153, -113.584131)",era5,1231.65,-7.00,6.80,0.02,0.00,0.07
2006-03-31,"(37.104153, -113.584131)",era5,1231.65,-7.00,7.39,0.11,0.05,1.38
2006-04-30,"(37.104153, -113.584131)",era5,1231.65,-7.00,14.57,0.04,0.00,0.01
2006-05-31,"(37.104153, -113.584131)",era5,1231.65,-7.00,22.84,0.00,0.00,0.00
2006-06-30,"(37.104153, -113.584131)",era5,1231.65,-7.00,28.26,0.00,0.00,0.00
2006-07-31,"(37.104153, -113.584131)",era5,1231.65,-7.00,30.43,0.01,0.00,0.00
2006-08-31,"(37.104153, -113.584131)",era5,1231.65,-7.00,28.33,0.00,0.00,0.00
2006-09-30,"(37.104153, -113.584131)",era5,1231.65,-7.00,22.13,0.01,0.00,0.00
2006-10-31,"(37.104153, -113.584131)",era5,1231.65,-7.00,14.19,0.08,0.00,0.00
2006-11-30,"(37.104153, -113.584131)",era5,1231.65,-7.00,9.39,0.01,0.00,0.01
2006-12-31,"(37.104153, -113.584131)",era5,1231.65,-7.00,2.73,0.02,0.01,0.34
2007-01-31,"(37.104153, -113.584131)",era5,1231.65,-7.00,1.46,0.01,0.01,0.49
2007-02-28,"(37.104153, -113.584131)",era5,1231.65,-7.00,7.84,0.02,0.00,0.09
2007-03-31,"(37.104153, -113.584131)",era5,1231.65,-7.00,12.90,0.01,0.00,0.08
2007-04-30,"(37.104153, -113.584131)",era5,1231.65,-7.00,16.20,0.02,0.00,0.01
2007-05-31,"(37.104153, -113.584131)",era5,1231.65,-7.00,22.16,0.00,0.00,0.00
2007-06-30,"(37.104153, -113.584131)",era5,1231.65,-7.00,27.52,0.00,0.00,0.00
2007-07-31,"(37.104153, -113.584131)",era5,1231.65,-7.00,30.79,0.02,0.00,0.00
2007-08-31,"(37.104153, -113.584131)",era5,1231.65,-7.00,29.23,0.01,0.00,0.00
2007-09-30,"(37.104153, -113.584131)",era5,1231.65,-7.00,23.63,0.04,0.00,0.00
2007-10-31,"(37.104153, -113.584131)",era5,1231.65,-7.00,15.71,0.00,0.00,0.00
2007-11-30,"(37.104153, -113.584131)",era5,1231.65,-7.00,11.80,0.01,0.00,0.00
2007-12-31,"(37.104153, -113.584131)",era5,1231.65,-7.00,2.65,0.09,0.01,0.62
2008-01-31,"(37.104153, -113.584131)",era5,1231.65,-7.00,2.16,0.07,0.02,1.22
2008-02-29,"(37.104153, -113.584131)",era5,1231.65,-7.00,4.61,0.06,0.03,4.01
2008-03-31,"(37.104153, -113.584131)",era5,1231.65,-7.00,10.46,0.01,0.00,0.67
2008-04-30,"(37.104153, -113.584131)",era5,1231.65,-7.00,14.73,0.00,0.00,0.00
2008-05-31,"(37.104153, -113.584131)",era5,1231.65,-7.00,19.06,0.01,0.00,0.00
2008-06-30,"(37.104153, -113.584131)",era5,1231.65,-7.00,26.89,0.00,0.00,0.00
2008-07-31,"(37.104153, -113.584131)",era5,1231.65,-7.00,30.16,0.01,0.00,0.00
2008-08-31,"(37.104153, -113.584131)",era5,1231.65,-7.00,29.63,0.02,0.00,0.00
2008-09-30,"(37.104153, -113.584131)",era5,1231.65,-7.00,24.36,0.00,0.00,0.00
2008-10-31,"(37.104153, -113.584131)",era5,1231.65,-7.00,16.51,0.01,0.00,0.01
2008-11-30,"(37.104153, -113.584131)",era5,1231.65,-7.00,10.69,0.02,0.00,0.00
2008-12-31,"(37.104153, -113.584131)",era5,1231.65,-7.00,2.11,0.09,0.07,8.05
2009-01-31,"(37.104153, -113.584131)",era5,1231.65,-7.00,4.93,0.02,0.00,1.93
2009-02-28,"(37.104153, -113.584131)",era5,1231.65,-7.00,6.27,0.08,0.03,2.77
2009-03-31,"(37.104153, -113.584131)",era5,1231.65,-7.00,10.99,0.00,0.00,0.58
2009-04-30,"(37.104153, -113.584131)",era5,1231.65,-7.00,14.01,0.03,0.00,0.04
2009-05-31,"(37.104153, -113.584131)",era5,1231.65,-7.00,23.61,0.01,0.00,0.00
2009-06-30,"(37.104153, -113.584131)",era5,1231.65,-7.00,24.23,0.01,0.00,0.00
2009-07-31,"(37.104153, -113.584131)",era5,1231.65,-7.00,30.71,0.01,0.00,0.00
2009-08-31,"(37.104153, -113.584131)",era5,1231.65,-7.00,28.30,0.00,0.00,0.00
2009-09-30,"(37.104153, -113.584131)",era5,1231.65,-7.00,25.25,0.00,0.00,0.00
2009-10-31,"(37.104153, -113.584131)",era5,1231.65,-7.00,14.53,0.00,0.00,0.00
2009-11-30,"(37.104153, -113.584131)",era5,1231.65,-7.00,9.59,0.01,0.00,0.00
2009-12-31,"(37.104153, -113.584131)",era5,1231.65,-7.00,1.16,0.08,0.03,1.60
2010-01-31,"(37.104153, -113.584131)",era5,1231.65,-7.00,2.78,0.10,0.04,2.85
2010-02-28,"(37.104153, -113.584131)",era5,1231.65,-7.00,5.64,0.08,0.01,3.72
2010-03-31,"(37.104153, -113.584131)",era5,1231.65,-7.00,9.42,0.05,0.01,3.16
2010-04-30,"(37.104153, -113.584131)",era5,1231.65,-7.00,13.57,0.03,0.00,0.06
2010-05-31,"(37.104153, -113.584131)",era5,1231.65,-7.00,17.49,0.01,0.00,0.00
2010-06-30,"(37.104153, -113.584131)",era5,1231.65,-7.00,26.77,0.00,0.00,0.00
2010-07-31,"(37.104153, -113.584131)",era5,1231.65,-7.00,30.98,0.00,0.00,0.00
2010-08-31,"(37.104153, -113.584131)",era5,1231.65,-7.00,28.31,0.01,0.00,0.00
2010-09-30,"(37.104153, -113.584131)",era5,1231.65,-7.00,24.80,0.00,0.00,0.00
2010-10-31,"(37.104153, -113.584131)",era5,1231.65,-7.00,15.98,0.07,0.00,0.00
2010-11-30,"(37.104153, -113.584131)",era5,1231.65,-7.00,7.72,0.04,0.00,0.18
2010-12-31,"(37.104153, -113.584131)",era5,1231.65,-7.00,5.86,0.20,0.02,0.73
2011-01-31,"(37.104153, -113.584131)",era5,1231.65,-7.00,2.19,0.00,0.00,1.29
2011-02-28,"(37.104153, -113.584131)",era5,1231.65,-7.00,4.13,0.09,0.04,0.87
2011-03-31,"(37.104153, -113.584131)",era5,1231.65,-7.00,10.57,0.03,0.01,0.54
2011-04-30,"(37.104153, -113.584131)",era5,1231.65,-7.00,14.04,0.04,0.02,0.35
2011-05-31,"(37.104153, -113.584131)",era5,1231.65,-7.00,17.49,0.03,0.00,0.03
2011-06-30,"(37.104153, -113.584131)",era5,1231.65,-7.00,25.65,0.00,0.00,0.00
2011-07-31,"(37.104153, -113.584131)",era5,1231.65,-7.00,29.16,0.01,0.00,0.00
2011-08-31,"(37.104153, -113.584131)",era5,1231.65,-7.00,29.98,0.00,0.00,0.00
2011-09-30,"(37.104153, -113.584131)",era5,1231.65,-7.00,24.34,0.01,0.00,0.00
2011-10-31,"(37.104153, -113.584131)",era5,1231.65,-7.00,15.65,0.04,0.00,0.00
2011-11-30,"(37.104153, -113.584131)",era5,1231.65,-7.00,8.00,0.02,0.00,0.09
2011-12-31,"(37.104153, -113.584131)",era5,1231.65,-7.00,3.27,0.02,0.01,0.29
2012-01-31,"(37.104153, -113.584131)",era5,1231.65,-7.00,4.93,0.02,0.00,0.15
2012-02-29,"(37.104153, -113.584131)",era5,1231.65,-7.00,6.50,0.03,0.01,0.44
2012-03-31,"(37.104153, -113.584131)",era5,1231.65,-7.00,11.41,0.03,0.01,0.23
2012-04-30,"(37.104153, -113.584131)",era5,1231.65,-7.00,16.46,0.02,0.00,0.07
2012-05-31,"(37.104153, -113.584131)",era5,1231.65,-7.00,22.67,0.00,0.00,0.00
2012-06-30,"(37.104153, -113.584131)",era5,1231.65,-7.00,28.17,0.00,0.00,0.00
2012-07-31,"(37.104153, -113.584131)",era5,1231.65,-7.00,28.79,0.03,0.00,0.00
2012-08-31,"(37.104153, -113.584131)",era5,1231.65,-7.00,29.58,0.02,0.00,0.00
2012-09-30,"(37.104153, -113.584131)",era5,1231.65,-7.00,24.67,0.02,0.00,0.00
2012-10-31,"(37.104153, -113.584131)",era5,1231.65,-7.00,17.30,0.03,0.00,0.00
2012-11-30,"(37.104153, -113.584131)",era5,1231.65,-7.00,10.31,0.03,0.00,0.00
2012-12-31,"(37.104153, -113.584131)",era5,1231.65,-7.00,4.43,0.06,0.02,0.78
2013-01-31,"(37.104153, -113.584131)",era5,1231.65,-7.00,0.77,0.03,0.00,0.84
2013-02-28,"(37.104153, -113.584131)",era5,1231.65,-7.00,2.82,0.01,0.01,0.21
2013-03-31,"(37.104153, -113.584131)",era5,1231.65,-7.00,13.10,0.03,0.01,0.09
2013-04-30,"(37.104153, -113.584131)",era5,1231.65,-7.00,15.90,0.01,0.00,0.01
2013-05-31,"(37.104153, -113.584131)",era5,1231.65,-7.00,20.69,0.01,0.00,0.00
2013-06-30,"(37.104153, -113.584131)",era5,1231.65,-7.00,28.66,0.00,0.00,0.00
2013-07-31,"(37.104153, -113.584131)",era5,1231.65,-7.00,29.68,0.03,0.00,0.00
2013-08-31,"(37.104153, -113.584131)",era5,1231.65,-7.00,27.26,0.03,0.00,0.00
2013-09-30,"(37.104153, -113.584131)",era5,1231.65,-7.00,21.37,0.07,0.00,0.00
2013-10-31,"(37.104153, -113.584131)",era5,1231.65,-7.00,13.56,0.01,0.00,0.00
2013-11-30,"(37.104153, -113.584131)",era5,1231.65,-7.00,8.64,0.04,0.00,0.10
2013-12-31,"(37.104153, -113.584131)",era5,1231.65,-7.00,1.64,0.02,0.02,1.08
2014-01-31,"(37.104153, -113.584131)",era5,1231.65,-7.00,5.71,0.02,0.00,0.05
2014-02-28,"(37.104153, -113.584131)",era5,1231.65,-7.00,8.28,0.01,0.00,0.09
2014-03-31,"(37.104153, -113.584131)",era5,1231.65,-7.00,11.03,0.04,0.00,0.00
2014-04-30,"(37.104153, -113.584131)",era5,1231.65,-7.00,15.57,0.02,0.00,0.00
2014-05-31,"(37.104153, -113.584131)",era5,1231.65,-7.00,20.54,0.01,0.00,0.00
2014-06-30,"(37.104153, -113.584131)",era5,1231.65,-7.00,26.98,0.00,0.00,0.00
2014-07-31,"(37.104153, -113.584131)",era5,1231.65,-7.00,29.55,0.01,0.00,0.00
2014-08-31,"(37.104153, -113.584131)",era5,1231.65,-7.00,25.93,0.04,0.00,0.00
2014-09-30,"(37.104153, -113.584131)",era5,1231.65,-7.00,23.77,0.10,0.00,0.00
2014-10-31,"(37.104153, -113.584131)",era5,1231.65,-7.00,17.36,0.00,0.00,0.00
2014-11-30,"(37.104153, -113.584131)",era5,1231.65,-7.00,9.03,0.01,0.00,0.00
2014-12-31,"(37.104153, -113.584131)",era5,1231.65,-7.00,5.32,0.03,0.01,0.27
2015-01-31,"(37.104153, -113.584131)",era5,1231.65,-7.00,5.80,0.03,0.00,0.14
2015-02-28,"(37.104153, -113.584131)",era5,1231.65,-7.00,9.81,0.04,0.02,0.25
2015-03-31,"(37.104153, -113.584131)",era5,1231.65,-7.00,12.85,0.05,0.01,0.34
2015-04-30,"(37.104153, -113.584131)",era5,1231.65,-7.00,15.29,0.01,0.00,0.00
2015-05-31,"(37.104153, -113.584131)",era5,1231.65,-7.00,18.52,0.04,0.00,0.00
2015-06-30,"(37.104153, -113.584131)",era5,1231.65,-7.00,28.33,0.01,0.00,0.00
2015-07-31,"(37.104153, -113.584131)",era5,1231.65,-7.00,28.00,0.01,0.00,0.00
2015-08-31,"(37.104153, -113.584131)",era5,1231.65,-7.00,28.33,0.03,0.00,0.00
2015-09-30,"(37.104153, -113.584131)",era5,1231.65,-7.00,25.16,0.01,0.00,0.00
2015-10-31,"(37.104153, -113.584131)",era5,1231.65,-7.00,17.95,0.06,0.00,0.00
2015-11-30,"(37.104153, -113.584131)",era5,1231.65,-7.00,6.90,0.03,0.01,0.22
2015-12-31,"(37.104153, -113.584131)",era5,1231.65,-7.00,2.84,0.04,0.01,0.73
2016-01-31,"(37.104153, -113.584131)",era5,1231.65,-7.00,3.74,0.05,0.01,1.30
2016-02-29,"(37.104153, -113.584131)",era5,1231.65,-7.00,7.73,0.03,0.01,1.17
2016-03-31,"(37.104153, -113.584131)",era5,1231.65,-7.00,12.61,0.02,0.00,0.01
2016-04-30,"(37.104153, -113.584131)",era5,1231.65,-7.00,14.98,0.06,0.00,0.01
2016-05-31,"(37.104153, -113.584131)",era5,1231.65,-7.00,19.63,0.01,0.00,0.00
2016-06-30,"(37.104153, -113.584131)",era5,1231.65,-7.00,29.50,0.00,0.00,0.00
2016-07-31,"(37.104153, -113.584131)",era5,1231.65,-7.00,30.39,0.01,0.00,0.00
2016-08-31,"(37.104153, -113.584131)",era5,1231.65,-7.00,27.55,0.02,0.00,0.00
2016-09-30,"(37.104153, -113.584131)",era5,1231.65,-7.00,22.78,0.04,0.00,0.00
2016-10-31,"(37.104153, -113.584131)",era5,1231.65,-7.00,18.25,0.01,0.00,0.00
2016-11-30,"(37.104153, -113.584131)",era5,1231.65,-7.00,10.64,0.02,0.00,0.05
2016-12-31,"(37.104153, -113.584131)",era5,1231.65,-7.00,3.80,0.11,0.02,0.67
2017-01-31,"(37.104153, -113.584131)",era5,1231.65,-7.00,3.86,0.14,0.05,2.63
2017-02-28,"(37.104153, -113.584131)",era5,1231.65,-7.00,8.37,0.06,0.00,0.89
2017-03-31,"(37.104153, -113.584131)",era5,1231.65,-7.00,13.48,0.02,0.00,0.09
2017-04-30,"(37.104153, -113.584131)",era5,1231.65,-7.00,15.58,0.01,0.00,0.01
2017-05-31,"(37.104153, -113.584131)",era5,1231.65,-7.00,20.53,0.02,0.00,0.00
2017-06-30,"(37.104153, -113.584131)",era5,1231.65,-7.00,29.17,0.00,0.00,0.00
2017-07-31,"(37.104153, -113.584131)",era5,1231.65,-7.00,30.35,0.03,0.00,0.00
2017-08-31,"(37.104153, -113.584131)",era5,1231.65,-7.00,28.55,0.01,0.00,0.00
2017-09-30,"(37.104153, -113.584131)",era5,1231.65,-7.00,22.68,0.02,0.00,0.00
2017-10-31,"(37.104153, -113.584131)",era5,1231.65,-7.00,16.60,0.00,0.00,0.00
2017-11-30,"(37.104153, -113.584131)",era5,1231.65,-7.00,12.12,0.00,0.00,0.00
2017-12-31,"(37.104153, -113.584131)",era5,1231.65,-7.00,5.59,0.00,0.00,0.08
2018-01-31,"(37.104153, -113.584131)",era5,1231.65,-7.00,6.23,0.06,0.00,0.11
2018-02-28,"(37.104153, -113.584131)",era5,1231.65,-7.00,6.61,0.04,0.01,0.31
2018-03-31,"(37.104153, -113.584131)",era5,1231.65,-7.00,10.50,0.04,0.00,0.06
2018-04-30,"(37.104153, -113.584131)",era5,1231.65,-7.00,17.84,0.01,0.00,0.00
2018-05-31,"(37.104153, -113.584131)",era5,1231.65,-7.00,21.53,0.01,0.00,0.00
2018-06-30,"(37.104153, -113.584131)",era5,1231.65,-7.00,28.70,0.00,0.00,0.00
2018-07-31,"(37.104153, -113.584131)",era5,1231.65,-7.00,30.87,0.02,0.00,0.00
2018-08-31,"(37.104153, -113.584131)",era5,1231.65,-7.00,29.64,0.01,0.00,0.00
2018-09-30,"(37.104153, -113.584131)",era5,1231.65,-7.00,25.72,0.01,0.00,0.00
2018-10-31,"(37.104153, -113.584131)",era5,1231.65,-7.00,15.14,0.05,0.00,0.00
2018-11-30,"(37.104153, -113.584131)",era5,1231.65,-7.00,8.06,0.02,0.00,0.01
2018-12-31,"(37.104153, -113.584131)",era5,1231.65,-7.00,4.38,0.02,0.00,0.20
2019-01-31,"(37.104153, -113.584131)",era5,1231.65,-7.00,3.86,0.08,0.01,1.06
2019-02-28,"(37.104153, -113.584131)",era5,1231.65,-7.00,3.19,0.15,0.04,2.53
2019-03-31,"(37.104153, -113.584131)",era5,1231.65,-7.00,9.65,0.09,0.00,0.47
2019-04-30,"(37.104153, -113.584131)",era5,1231.65,-7.00,16.18,0.04,0.00,0.00
2019-05-31,"(37.104153, -113.584131)",era5,1231.65,-7.00,16.36,0.06,0.00,0.00
2019-06-30,"(37.104153, -113.584131)",era5,1231.65,-7.00,25.91,0.00,0.00,0.00
2019-07-31,"(37.104153, -113.584131)",era5,1231.65,-7.00,30.04,0.01,0.00,0.00
2019-08-31,"(37.104153, -113.584131)",era5,1231.65,-7.00,29.76,0.00,0.00,0.00
2019-09-30,"(37.104153, -113.584131)",era5,1231.65,-7.00,24.37,0.00,0.00,0.00
2019-10-31,"(37.104153, -113.584131)",era5,1231.65,-7.00,13.73,0.00,0.00,0.00
2019-11-30,"(37.104153, -113.584131)",era5,1231.65,-7.00,9.44,0.17,0.00,0.51
2019-12-31,"(37.104153, -113.584131)",era5,1231.65,-7.00,4.18,0.06,0.01,1.76
2020-01-31,"(37.104153, -113.584131)",era5,1231.65,-7.00,4.27,0.01,0.00,0.00
2020-02-29,"(37.104153, -113.584131)",era5,1231.65,-7.00,6.14,0.02,0.00,0.00
2020-03-31,"(37.104153, -113.584131)",era5,1231.65,-7.00,9.82,0.12,0.01,0.03
2020-04-30,"(37.104153, -113.584131)",era5,1231.65,-7.00,15.25,0.02,0.00,0.00
2020-05-31,"(37.104153, -113.584131)",era5,1231.65,-7.00,22.75,0.00,0.00,0.00
2020-06-30,"(37.104153, -113.584131)",era5,1231.65,-7.00,26.71,0.00,0.00,0.00
2020-07-31,"(37.104153, -113.584131)",era5,1231.65,-7.00,30.72,0.00,0.00,0.00
2020-08-31,"(37.104153, -113.584131)",era5,1231.65,-7.00,31.25,0.00,0.00,0.00
2020-09-30,"(37.104153, -113.584131)",era5,1231.65,-7.00,25.24,0.00,0.00,0.00
2020-10-31,"(37.104153, -113.584131)",era5,1231.65,-7.00,18.49,0.00,0.00,0.00
2020-11-30,"(37.104153, -113.584131)",era5,1231.65,-7.00,9.67,0.01,0.00,0.00
2020-12-31,"(37.104153, -113.584131)",era5,1231.65,-7.00,3.60,0.01,0.00,0.00
2021-01-31,"(37.104153, -113.584131)",era5,1231.65,-7.00,4.15,0.04,0.02,0.14
2021-02-28,"(37.104153, -113.584131)",era5,1231.65,-7.00,7.06,0.01,0.00,0.00
2021-03-31,"(37.104153, -113.584131)",era5,1231.65,-7.00,9.44,0.05,0.02,0.22
2021-04-30,"(37.104153, -113.584131)",era5,1231.65,-7.00,16.84,0.02,0.00,0.00
2021-05-31,"(37.104153, -113.584131)",era5,1231.65,-7.00,21.69,0.00,0.00,0.00
2021-06-30,"(37.104153, -113.584131)",era5,1231.65,-7.00,29.48,0.00,0.00,0.00
2021-07-31,"(37.104153, -113.584131)",era5,1231.65,-7.00,30.27,0.03,0.00,0.00
2021-08-31,"(37.104153, -113.584131)",era5,1231.65,-7.00,28.65,0.03,0.00,0.00
2021-09-30,"(37.104153, -113.584131)",era5,1231.65,-7.00,24.95,0.02,0.00,0.00
2021-10-31,"(37.104153, -113.584131)",era5,1231.65,-7.00,14.44,0.06,0.00,0.00
2021-11-30,"(37.104153, -113.584131)",era5,1231.65,-7.00,11.68,0.00,0.00,0.00
2021-12-31,"(37.104153, -113.584131)",era5,1231.65,-7.00,5.28,0.13,0.02,0.21
2022-01-31,"(37.104153, -113.584131)",era5,1231.65,-7.00,3.61,0.00,0.00,1.40
2022-02-28,"(37.104153, -113.584131)",era5,1231.65,-7.00,5.50,0.02,0.01,0.50
2022-03-31,"(37.104153, -113.584131)",era5,1231.65,-7.00,11.12,0.03,0.00,0.06
2022-04-30,"(37.104153, -113.584131)",era5,1231.65,-7.00,16.17,0.01,0.00,0.00
2022-05-31,"(37.104153, -113.584131)",era5,1231.65,-7.00,20.95,0.00,0.00,0.00
2022-06-30,"(37.104153, -113.584131)",era5,1231.65,-7.00,27.74,0.00,0.00,0.00
2022-07-31,"(37.104153, -113.584131)",era5,1231.65,-7.00,30.40,0.02,0.00,0.00
2022-08-31,"(37.104153, -113.584131)",era5,1231.65,-7.00,28.35,0.03,0.00,0.00
2022-09-30,"(37.104153, -113.584131)",era5,1231.65,-7.00,25.74,0.02,0.00,0.00
2022-10-31,"(37.104153, -113.584131)",era5,1231.65,-7.00,17.37,0.01,0.00,0.01
2022-11-30,"(37.104153, -113.584131)",era5,1231.65,-7.00,5.73,0.05,0.00,0.17
2022-12-31,"(37.104153, -113.584131)",era5,1231.65,-7.00,4.44,0.05,0.01,0.61
2023-01-31,"(37.104153, -113.584131)",era5,1231.65,-7.00,3.43,0.17,0.03,2.23
2023-02-28,"(37.104153, -113.584131)",era5,1231.65,-7.00,3.16,0.07,0.05,5.10
2023-03-31,"(37.104153, -113.584131)",era5,1231.65,-7.00,6.74,0.15,0.02,4.27
2023-04-30,"(37.104153, -113.584131)",era5,1231.65,-7.00,14.27,0.01,0.00,1.11
2023-05-31,"(37.104153, -113.584131)",era5,1231.65,-7.00,21.36,0.01,0.00,0.00
2023-06-30,"(37.104153, -113.584131)",era5,1231.65,-7.00,24.28,0.00,0.00,0.00
2023-07-31,"(37.104153, -113.584131)",era5,1231.65,-7.00,32.26,0.00,0.00,0.00
2023-08-31,"(37.104153, -113.584131)",era5,1231.65,-7.00,27.71,0.04,0.00,0.00
2023-09-30,"(37.104153, -113.584131)",era5,1231.65,-7.00,23.06,0.03,0.00,0.00
2023-10-31,"(37.104153, -113.584131)",era5,1231.65,-7.00,17.26,0.01,0.00,0.00
2023-11-30,"(37.104153, -113.584131)",era5,1231.65,-7.00,9.55,0.02,0.00,0.00
2023-12-31,"(37.104153, -113.584131)",era5,1231.65,-7.00,6.15,0.00,0.00,0.00
2024-01-31,"(37.104153, -113.584131)",era5,1231.65,-7.00,4.97,0.04,0.01,0.00
2024-02-29,"(37.104153, -113.584131)",era5,1231.65,-7.00,7.45,0.11,0.02,0.28
2024-03-31,"(37.104153, -113.584131)",era5,1231.65,-7.00,12.52,0.00,0.00,0.00
